https://babel.hathitrust.org/cgi/pt?id=nyp.33433074913496,output/nyp.33433074913496.pdf
https://babel.hathitrust.org/cgi/pt?id=mdp.39015012371350,output/mdp.39015012371350.pdf
https://babel.hathitrust.org/cgi/pt?id=mdp.39015063980125,output/mdp.39015063980125.pdf
https://babel.hathitrust.org/cgi/pt?id=mdp.39015078549691,output/mdp.39015078549691.pdf
https://babel.hathitrust.org/cgi/pt?id=mdp.39015078556241,output/mdp.39015078556241.pdf
https://babel.hathitrust.org/cgi/pt?id=mdp.39015078570507,output/mdp.39015078570507.pdf
https://babel.hathitrust.org/cgi/pt?id=nyp.33433070250349,output/nyp.33433070250349.pdf
https://babel.hathitrust.org/cgi/pt?id=nyp.33433074916465,output/nyp.33433074916465.pdf
https://babel.hathitrust.org/cgi/pt?id=nyp.33433075813281,output/nyp.33433075813281.pdf
https://babel.hathitrust.org/cgi/pt?id=nyp.33433074918784,output/nyp.33433074918784.pdf
https://babel.hathitrust.org/cgi/pt?id=njp.32101076879376,output/njp.32101076879376.pdf
https://babel.hathitrust.org/cgi/pt?id=njp.32101071963480,output/njp.32101071963480.pdf
https://babel.hathitrust.org/cgi/pt?id=njp.32101074629542,output/njp.32101074629542.pdf
https://babel.hathitrust.org/cgi/pt?id=hvd.hn2u4x,output/hvd.hn2u4x.pdf
https://babel.hathitrust.org/cgi/pt?id=wu.89044718898,output/wu.89044718898.pdf
https://babel.hathitrust.org/cgi/pt?id=mdp.39015033367668,output/mdp.39015033367668.pdf
https://babel.hathitrust.org/cgi/pt?id=uc2.ark+=13960=t1mg7h137,output/uc2.ark+=13960=t1mg7h137.pdf
https://babel.hathitrust.org/cgi/pt?id=nyp.33433076093644,output/nyp.33433076093644.pdf
https://babel.hathitrust.org/cgi/pt?id=nyp.33433074911466,output/nyp.33433074911466.pdf
https://babel.hathitrust.org/cgi/pt?id=nyp.33433074918859,output/nyp.33433074918859.pdf
https://babel.hathitrust.org/cgi/pt?id=nyp.33433075736912,output/nyp.33433075736912.pdf
https://babel.hathitrust.org/cgi/pt?id=nyp.33433075819957,output/nyp.33433075819957.pdf
https://babel.hathitrust.org/cgi/pt?id=yale.39002032471428,output/yale.39002032471428.pdf
https://babel.hathitrust.org/cgi/pt?id=nyp.33433074913348,output/nyp.33433074913348.pdf
https://babel.hathitrust.org/cgi/pt?id=nyp.33433075814867,output/nyp.33433075814867.pdf
https://babel.hathitrust.org/cgi/pt?id=njp.32101066479765,output/njp.32101066479765.pdf
https://babel.hathitrust.org/cgi/pt?id=mdp.39015024477674,output/mdp.39015024477674.pdf
https://babel.hathitrust.org/cgi/pt?id=mdp.39015004743731,output/mdp.39015004743731.pdf
https://babel.hathitrust.org/cgi/pt?id=mdp.39015063950276,output/mdp.39015063950276.pdf
https://babel.hathitrust.org/cgi/pt?id=mdp.39015063950284,output/mdp.39015063950284.pdf
https://babel.hathitrust.org/cgi/pt?id=mdp.39015078568303,output/mdp.39015078568303.pdf
https://babel.hathitrust.org/cgi/pt?id=inu.39000003249765,output/inu.39000003249765.pdf
https://babel.hathitrust.org/cgi/pt?id=uc2.ark+=13960=t9t14wb76,output/uc2.ark+=13960=t9t14wb76.pdf
https://babel.hathitrust.org/cgi/pt?id=nnc1.0038773805,output/nnc1.0038773805.pdf
https://babel.hathitrust.org/cgi/pt?id=njp.32101048392763,output/njp.32101048392763.pdf
https://babel.hathitrust.org/cgi/pt?id=hvd.hw2fxw,output/hvd.hw2fxw.pdf
https://babel.hathitrust.org/cgi/pt?id=hvd.hn37v1,output/hvd.hn37v1.pdf
https://babel.hathitrust.org/cgi/pt?id=mdp.39015031644233,output/mdp.39015031644233.pdf
https://babel.hathitrust.org/cgi/pt?id=mdp.39015063950128,output/mdp.39015063950128.pdf
https://babel.hathitrust.org/cgi/pt?id=mdp.39015065998067,output/mdp.39015065998067.pdf
https://babel.hathitrust.org/cgi/pt?id=mdp.39015027523300,output/mdp.39015027523300.pdf
https://babel.hathitrust.org/cgi/pt?id=uc2.ark+=13960=t6d21t12k,output/uc2.ark+=13960=t6d21t12k.pdf
https://babel.hathitrust.org/cgi/pt?id=mdp.39015038670421,output/mdp.39015038670421.pdf
https://babel.hathitrust.org/cgi/pt?id=uc2.ark+=13960=t8pc2z66x,output/uc2.ark+=13960=t8pc2z66x.pdf
https://babel.hathitrust.org/cgi/pt?id=nyp.33433069322661,output/nyp.33433069322661.pdf
https://babel.hathitrust.org/cgi/pt?id=nyp.33433074931506,output/nyp.33433074931506.pdf
https://babel.hathitrust.org/cgi/pt?id=nyp.33433082412309,output/nyp.33433082412309.pdf
https://babel.hathitrust.org/cgi/pt?id=nyp.33433074911789,output/nyp.33433074911789.pdf
https://babel.hathitrust.org/cgi/pt?id=nyp.33433075733406,output/nyp.33433075733406.pdf
https://babel.hathitrust.org/cgi/pt?id=nyp.33433088073691,output/nyp.33433088073691.pdf
https://babel.hathitrust.org/cgi/pt?id=njp.32101068932738,output/njp.32101068932738.pdf
https://babel.hathitrust.org/cgi/pt?id=njp.32101071963084,output/njp.32101071963084.pdf
https://babel.hathitrust.org/cgi/pt?id=hvd.32044087388963,output/hvd.32044087388963.pdf
https://babel.hathitrust.org/cgi/pt?id=hvd.hn1km3,output/hvd.hn1km3.pdf
https://babel.hathitrust.org/cgi/pt?id=mdp.39015063931482,output/mdp.39015063931482.pdf
https://babel.hathitrust.org/cgi/pt?id=mdp.39015021250124,output/mdp.39015021250124.pdf
https://babel.hathitrust.org/cgi/pt?id=mdp.39015064447561,output/mdp.39015064447561.pdf
https://babel.hathitrust.org/cgi/pt?id=mdp.39015064447553,output/mdp.39015064447553.pdf
https://babel.hathitrust.org/cgi/pt?id=nnc1.1002330652,output/nnc1.1002330652.pdf
https://babel.hathitrust.org/cgi/pt?id=nyp.33433074910815,output/nyp.33433074910815.pdf
https://babel.hathitrust.org/cgi/pt?id=nyp.33433074955117,output/nyp.33433074955117.pdf
https://babel.hathitrust.org/cgi/pt?id=nyp.33433074926092,output/nyp.33433074926092.pdf
https://babel.hathitrust.org/cgi/pt?id=njp.32101037605548,output/njp.32101037605548.pdf
https://babel.hathitrust.org/cgi/pt?id=dul1.ark+=13960=t15m6t508,output/dul1.ark+=13960=t15m6t508.pdf
https://babel.hathitrust.org/cgi/pt?id=mdp.39015063546520,output/mdp.39015063546520.pdf
https://babel.hathitrust.org/cgi/pt?id=njp.32101036889531,output/njp.32101036889531.pdf
https://babel.hathitrust.org/cgi/pt?id=njp.32101036889523,output/njp.32101036889523.pdf
https://babel.hathitrust.org/cgi/pt?id=nyp.33433074911599,output/nyp.33433074911599.pdf
https://babel.hathitrust.org/cgi/pt?id=mdp.39015021028801,output/mdp.39015021028801.pdf
https://babel.hathitrust.org/cgi/pt?id=uc2.ark+=13960=t0tq5sd9m,output/uc2.ark+=13960=t0tq5sd9m.pdf
https://babel.hathitrust.org/cgi/pt?id=uc2.ark+=13960=t8bg2jx69,output/uc2.ark+=13960=t8bg2jx69.pdf
https://babel.hathitrust.org/cgi/pt?id=nyp.33433074909957,output/nyp.33433074909957.pdf
https://babel.hathitrust.org/cgi/pt?id=yale.39002088372348,output/yale.39002088372348.pdf
https://babel.hathitrust.org/cgi/pt?id=njp.32101079667026,output/njp.32101079667026.pdf
https://babel.hathitrust.org/cgi/pt?id=mdp.39015063962032,output/mdp.39015063962032.pdf
https://babel.hathitrust.org/cgi/pt?id=mdp.39015063758570,output/mdp.39015063758570.pdf
https://babel.hathitrust.org/cgi/pt?id=mdp.39015027179251,output/mdp.39015027179251.pdf
https://babel.hathitrust.org/cgi/pt?id=mdp.39015009232102,output/mdp.39015009232102.pdf
https://babel.hathitrust.org/cgi/pt?id=mdp.39015064408506,output/mdp.39015064408506.pdf
https://babel.hathitrust.org/cgi/pt?id=mdp.39015031938452,output/mdp.39015031938452.pdf
https://babel.hathitrust.org/cgi/pt?id=uc2.ark+=13960=t58c9t67v,output/uc2.ark+=13960=t58c9t67v.pdf
https://babel.hathitrust.org/cgi/pt?id=uc2.ark+=13960=t5t728t8q,output/uc2.ark+=13960=t5t728t8q.pdf
https://babel.hathitrust.org/cgi/pt?id=nyp.33433075896377,output/nyp.33433075896377.pdf
https://babel.hathitrust.org/cgi/pt?id=nyp.33433067290126,output/nyp.33433067290126.pdf
https://babel.hathitrust.org/cgi/pt?id=nyp.33433067290159,output/nyp.33433067290159.pdf
https://babel.hathitrust.org/cgi/pt?id=njp.32101072911967,output/njp.32101072911967.pdf
https://babel.hathitrust.org/cgi/pt?id=njp.32101037606348,output/njp.32101037606348.pdf
https://babel.hathitrust.org/cgi/pt?id=hvd.hn6d2a,output/hvd.hn6d2a.pdf
https://babel.hathitrust.org/cgi/pt?id=mdp.39015020051689,output/mdp.39015020051689.pdf
https://babel.hathitrust.org/cgi/pt?id=mdp.39015023070538,output/mdp.39015023070538.pdf
https://babel.hathitrust.org/cgi/pt?id=uc2.ark+=13960=t9668b76d,output/uc2.ark+=13960=t9668b76d.pdf
https://babel.hathitrust.org/cgi/pt?id=uc2.ark+=13960=t4rj4b523,output/uc2.ark+=13960=t4rj4b523.pdf
https://babel.hathitrust.org/cgi/pt?id=njp.32101037019443,output/njp.32101037019443.pdf
https://babel.hathitrust.org/cgi/pt?id=njp.32101037042528,output/njp.32101037042528.pdf
https://babel.hathitrust.org/cgi/pt?id=njp.32101037572912,output/njp.32101037572912.pdf
https://babel.hathitrust.org/cgi/pt?id=hvd.hn2hdr,output/hvd.hn2hdr.pdf
https://babel.hathitrust.org/cgi/pt?id=hvd.hw204v,output/hvd.hw204v.pdf
https://babel.hathitrust.org/cgi/pt?id=mdp.39015049814430,output/mdp.39015049814430.pdf
https://babel.hathitrust.org/cgi/pt?id=mdp.39015013469856,output/mdp.39015013469856.pdf
https://babel.hathitrust.org/cgi/pt?id=mdp.39015067113491,output/mdp.39015067113491.pdf
